bt9_minor_version	has_physical_address	md5_checksum	conversion_date	original_stf_input_file	total_instruction_count	branch_instruction_count	invalid_physical_branch_target_count	A32_instruction_count	A64_instruction_count	T32_instruction_count	unidentified_instruction_count	filename	trace	trace_category	trace_length	trace_device	trace_num
0	1	NA	NA	NA	642168792	29269648	14200055	642147548	0	21244	0	./LONG_MOBILE-1.bt9.trace	LONG_MOBILE-1	LONG_MOBILE	LONG	MOBILE	1
0	1	NA	NA	NA	1540382230	341525364	295894823	7122462	0	1533259768	0	./LONG_MOBILE-15.bt9.trace	LONG_MOBILE-15	LONG_MOBILE	LONG	MOBILE	15
0	0	NA	NA	NA	1899254569	9074603	9074603	1899254569	0	0	0	./LONG_MOBILE-13.bt9.trace	LONG_MOBILE-13	LONG_MOBILE	LONG	MOBILE	13
0	1	NA	NA	NA	1000000000	4038315	142244	1000000000	0	0	0	./LONG_MOBILE-5.bt9.trace	LONG_MOBILE-5	LONG_MOBILE	LONG	MOBILE	5
0	1	NA	NA	NA	55899546520	10178361055	2589692268	24885941963	0	31013604557	0	./LONG_MOBILE-10.bt9.trace	LONG_MOBILE-10	LONG_MOBILE	LONG	MOBILE	10
0	0	NA	NA	NA	1980734565	97764490	97764490	1980734565	0	0	0	./LONG_MOBILE-19.bt9.trace	LONG_MOBILE-19	LONG_MOBILE	LONG	MOBILE	19
0	0	NA	NA	NA	1658101133	97906478	97906478	1658101133	0	0	0	./LONG_MOBILE-16.bt9.trace	LONG_MOBILE-16	LONG_MOBILE	LONG	MOBILE	16
0	1	NA	NA	NA	1688784689	436394749	260254987	1560940002	0	127844687	0	./LONG_MOBILE-12.bt9.trace	LONG_MOBILE-12	LONG_MOBILE	LONG	MOBILE	12
0	1	NA	NA	NA	1271560006	112993126	65570184	1271516285	0	43721	0	./LONG_MOBILE-2.bt9.trace	LONG_MOBILE-2	LONG_MOBILE	LONG	MOBILE	2
0	0	NA	NA	NA	996258435	231568520	231568520	996258435	0	0	0	./LONG_MOBILE-14.bt9.trace	LONG_MOBILE-14	LONG_MOBILE	LONG	MOBILE	14
0	1	NA	NA	NA	999999976	13881338	2329347	999998708	0	1268	0	./LONG_MOBILE-4.bt9.trace	LONG_MOBILE-4	LONG_MOBILE	LONG	MOBILE	4
0	1	NA	NA	NA	514635404	71815795	37437020	514628470	0	6934	0	./LONG_MOBILE-6.bt9.trace	LONG_MOBILE-6	LONG_MOBILE	LONG	MOBILE	6
0	0	NA	NA	NA	1594582569	86784979	86784979	1594582569	0	0	0	./LONG_MOBILE-18.bt9.trace	LONG_MOBILE-18	LONG_MOBILE	LONG	MOBILE	18
0	0	NA	NA	NA	3084656168	117925616	117925616	3084656168	0	0	0	./LONG_MOBILE-17.bt9.trace	LONG_MOBILE-17	LONG_MOBILE	LONG	MOBILE	17
0	1	NA	NA	NA	599758591	102414544	61360025	599741615	0	16976	0	./LONG_MOBILE-7.bt9.trace	LONG_MOBILE-7	LONG_MOBILE	LONG	MOBILE	7
0	1	NA	NA	NA	1283893069	163272690	72133952	1232328773	0	51564296	0	./LONG_MOBILE-3.bt9.trace	LONG_MOBILE-3	LONG_MOBILE	LONG	MOBILE	3
0	1	NA	NA	NA	1207440258	325563620	167579619	332579974	0	874860284	0	./LONG_MOBILE-11.bt9.trace	LONG_MOBILE-11	LONG_MOBILE	LONG	MOBILE	11
0	1	NA	NA	NA	5789354553	811360114	171684913	5784791524	0	4563029	0	./LONG_MOBILE-8.bt9.trace	LONG_MOBILE-8	LONG_MOBILE	LONG	MOBILE	8
0	1	NA	NA	NA	990358237	269658602	73011753	2446062	0	987912175	0	./LONG_MOBILE-9.bt9.trace	LONG_MOBILE-9	LONG_MOBILE	LONG	MOBILE	9
0	1	NA	NA	NA	1578129863	419762286	206758644	0	1578129863	0	0	./LONG_SERVER-2.bt9.trace	LONG_SERVER-2	LONG_SERVER	LONG	SERVER	2
0	1	NA	NA	NA	1427677542	392361078	132876932	625454482	0	802223060	0	./LONG_SERVER-3.bt9.trace	LONG_SERVER-3	LONG_SERVER	LONG	SERVER	3
0	1	NA	NA	NA	804129334	187260937	61568890	341628082	0	462501252	0	./LONG_SERVER-4.bt9.trace	LONG_SERVER-4	LONG_SERVER	LONG	SERVER	4
0	1	NA	NA	NA	148974179	16662269	5116759	0	148974179	0	0	./SHORT_MOBILE-1.bt9.trace	SHORT_MOBILE-1	SHORT_MOBILE	SHORT	MOBILE	1
0	1	NA	NA	NA	309468326	21751584	6255537	309452349	0	15977	0	./SHORT_MOBILE-10.bt9.trace	SHORT_MOBILE-10	SHORT_MOBILE	SHORT	MOBILE	10
0	1	NA	NA	NA	100354118	2456988	3511	100352724	0	1394	0	./SHORT_MOBILE-11.bt9.trace	SHORT_MOBILE-11	SHORT_MOBILE	SHORT	MOBILE	11
0	1	NA	NA	NA	113837138	3681237	3562	113835744	0	1394	0	./SHORT_MOBILE-12.bt9.trace	SHORT_MOBILE-12	SHORT_MOBILE	SHORT	MOBILE	12
0	1	NA	NA	NA	104905199	4205460	3898	104903805	0	1394	0	./SHORT_MOBILE-13.bt9.trace	SHORT_MOBILE-13	SHORT_MOBILE	SHORT	MOBILE	13
0	1	NA	NA	NA	1000000000	200505888	6185942	1000000000	0	0	0	./SHORT_MOBILE-15.bt9.trace	SHORT_MOBILE-15	SHORT_MOBILE	SHORT	MOBILE	15
0	1	NA	NA	NA	1000000000	38684343	2226408	1000000000	0	0	0	./SHORT_MOBILE-14.bt9.trace	SHORT_MOBILE-14	SHORT_MOBILE	SHORT	MOBILE	14
0	1	NA	NA	NA	536505108	81720685	24258861	536505108	0	0	0	./SHORT_MOBILE-16.bt9.trace	SHORT_MOBILE-16	SHORT_MOBILE	SHORT	MOBILE	16
0	1	NA	NA	NA	1000000000	7018379	2727060	1000000000	0	0	0	./SHORT_MOBILE-17.bt9.trace	SHORT_MOBILE-17	SHORT_MOBILE	SHORT	MOBILE	17
0	1	NA	NA	NA	993336489	213632604	1251097	11737994	0	981598495	0	./SHORT_MOBILE-18.bt9.trace	SHORT_MOBILE-18	SHORT_MOBILE	SHORT	MOBILE	18
0	0	NA	NA	NA	78221020	2111602	2111602	78221020	0	0	0	./SHORT_MOBILE-19.bt9.trace	SHORT_MOBILE-19	SHORT_MOBILE	SHORT	MOBILE	19
0	1	NA	NA	NA	344783366	54336216	18388626	0	344783366	0	0	./SHORT_MOBILE-2.bt9.trace	SHORT_MOBILE-2	SHORT_MOBILE	SHORT	MOBILE	2
0	1	NA	NA	NA	383113832	92280402	27512724	105092560	0	278021272	0	./SHORT_MOBILE-20.bt9.trace	SHORT_MOBILE-20	SHORT_MOBILE	SHORT	MOBILE	20
0	1	NA	NA	NA	2163787881	551117376	161961211	553495152	0	1610292729	0	./SHORT_MOBILE-21.bt9.trace	SHORT_MOBILE-21	SHORT_MOBILE	SHORT	MOBILE	21
0	1	NA	NA	NA	8310556907	2089041045	663153634	3125638762	0	5184918145	0	./SHORT_MOBILE-22.bt9.trace	SHORT_MOBILE-22	SHORT_MOBILE	SHORT	MOBILE	22
0	1	NA	NA	NA	3629750101	1000480337	286515950	807502841	0	2822247260	0	./SHORT_MOBILE-23.bt9.trace	SHORT_MOBILE-23	SHORT_MOBILE	SHORT	MOBILE	23
0	0	NA	NA	NA	100106755	770141	770141	100106755	0	0	0	./SHORT_MOBILE-24.bt9.trace	SHORT_MOBILE-24	SHORT_MOBILE	SHORT	MOBILE	24
0	0	NA	NA	NA	99206158	2834778	2834778	99206158	0	0	0	./SHORT_MOBILE-25.bt9.trace	SHORT_MOBILE-25	SHORT_MOBILE	SHORT	MOBILE	25
0	0	NA	NA	NA	2883605006	262150502	262150502	2883605006	0	0	0	./SHORT_MOBILE-26.bt9.trace	SHORT_MOBILE-26	SHORT_MOBILE	SHORT	MOBILE	26
0	1	NA	NA	NA	220814	4005	501	220814	0	0	0	./SHORT_MOBILE-27.bt9.trace	SHORT_MOBILE-27	SHORT_MOBILE	SHORT	MOBILE	27
0	1	NA	NA	NA	14055614	230805	25701	14055614	0	0	0	./SHORT_MOBILE-28.bt9.trace	SHORT_MOBILE-28	SHORT_MOBILE	SHORT	MOBILE	28
0	0	NA	NA	NA	100018978	7689333	7689333	100018978	0	0	0	./SHORT_MOBILE-29.bt9.trace	SHORT_MOBILE-29	SHORT_MOBILE	SHORT	MOBILE	29
0	1	NA	NA	NA	101127141	15996916	1300209	0	101127141	0	0	./SHORT_MOBILE-3.bt9.trace	SHORT_MOBILE-3	SHORT_MOBILE	SHORT	MOBILE	3
0	0	NA	NA	NA	658661227	123358313	123358313	658661227	0	0	0	./SHORT_MOBILE-30.bt9.trace	SHORT_MOBILE-30	SHORT_MOBILE	SHORT	MOBILE	30
0	0	NA	NA	NA	1899254569	9074603	9074603	1899254569	0	0	0	./SHORT_MOBILE-31.bt9.trace	SHORT_MOBILE-31	SHORT_MOBILE	SHORT	MOBILE	31
0	0	NA	NA	NA	99702195	3086156	3086156	99702195	0	0	0	./SHORT_MOBILE-32.bt9.trace	SHORT_MOBILE-32	SHORT_MOBILE	SHORT	MOBILE	32
0	0	NA	NA	NA	216999993	2399996	2399996	216999993	0	0	0	./SHORT_MOBILE-33.bt9.trace	SHORT_MOBILE-33	SHORT_MOBILE	SHORT	MOBILE	33
0	0	NA	NA	NA	2115006	22002	22002	2115006	0	0	0	./SHORT_MOBILE-34.bt9.trace	SHORT_MOBILE-34	SHORT_MOBILE	SHORT	MOBILE	34
0	0	NA	NA	NA	4226507	42502	42502	4226507	0	0	0	./SHORT_MOBILE-35.bt9.trace	SHORT_MOBILE-35	SHORT_MOBILE	SHORT	MOBILE	35
0	0	NA	NA	NA	16895507	165502	165502	16895507	0	0	0	./SHORT_MOBILE-36.bt9.trace	SHORT_MOBILE-36	SHORT_MOBILE	SHORT	MOBILE	36
0	0	NA	NA	NA	3195627559	135575679	135575679	3195627559	0	0	0	./SHORT_MOBILE-37.bt9.trace	SHORT_MOBILE-37	SHORT_MOBILE	SHORT	MOBILE	37
0	0	NA	NA	NA	1658101133	97906478	97906478	1658101133	0	0	0	./SHORT_MOBILE-38.bt9.trace	SHORT_MOBILE-38	SHORT_MOBILE	SHORT	MOBILE	38
0	0	NA	NA	NA	553679960	13883539	13883539	553679960	0	0	0	./SHORT_MOBILE-39.bt9.trace	SHORT_MOBILE-39	SHORT_MOBILE	SHORT	MOBILE	39
0	1	NA	NA	NA	372505316	17837677	4600706	0	372505316	0	0	./SHORT_MOBILE-4.bt9.trace	SHORT_MOBILE-4	SHORT_MOBILE	SHORT	MOBILE	4
0	1	NA	NA	NA	295563164	42764603	817701	291691856	0	3871308	0	./SHORT_MOBILE-40.bt9.trace	SHORT_MOBILE-40	SHORT_MOBILE	SHORT	MOBILE	40
0	1	NA	NA	NA	999996940	248983941	165104245	469606	0	999527334	0	./SHORT_MOBILE-41.bt9.trace	SHORT_MOBILE-41	SHORT_MOBILE	SHORT	MOBILE	41
0	0	NA	NA	NA	100189686	35697231	35697231	99981530	0	208156	0	./SHORT_MOBILE-42.bt9.trace	SHORT_MOBILE-42	SHORT_MOBILE	SHORT	MOBILE	42
0	0	NA	NA	NA	100067714	16898206	16898206	99987870	0	79844	0	./SHORT_MOBILE-43.bt9.trace	SHORT_MOBILE-43	SHORT_MOBILE	SHORT	MOBILE	43
0	0	NA	NA	NA	99999170	16532003	16532003	99772715	0	226455	0	./SHORT_MOBILE-44.bt9.trace	SHORT_MOBILE-44	SHORT_MOBILE	SHORT	MOBILE	44
0	0	NA	NA	NA	236538163	11439518	11439518	236538083	0	80	0	./SHORT_MOBILE-45.bt9.trace	SHORT_MOBILE-45	SHORT_MOBILE	SHORT	MOBILE	45
0	1	NA	NA	NA	110000000	18559673	7244886	0	110000000	0	0	./SHORT_MOBILE-47.bt9.trace	SHORT_MOBILE-47	SHORT_MOBILE	SHORT	MOBILE	47
0	1	NA	NA	NA	110000000	12329143	5388728	0	110000000	0	0	./SHORT_MOBILE-46.bt9.trace	SHORT_MOBILE-46	SHORT_MOBILE	SHORT	MOBILE	46
0	1	NA	NA	NA	110000000	13232467	4501850	0	110000000	0	0	./SHORT_MOBILE-48.bt9.trace	SHORT_MOBILE-48	SHORT_MOBILE	SHORT	MOBILE	48
0	1	NA	NA	NA	110000000	8690438	3413244	0	110000000	0	0	./SHORT_MOBILE-49.bt9.trace	SHORT_MOBILE-49	SHORT_MOBILE	SHORT	MOBILE	49
0	1	NA	NA	NA	169326426	21765366	8685301	0	169326426	0	0	./SHORT_MOBILE-5.bt9.trace	SHORT_MOBILE-5	SHORT_MOBILE	SHORT	MOBILE	5
0	1	NA	NA	NA	110000000	9956900	3685928	0	110000000	0	0	./SHORT_MOBILE-50.bt9.trace	SHORT_MOBILE-50	SHORT_MOBILE	SHORT	MOBILE	50
0	1	NA	NA	NA	110000000	5672874	107086	0	110000000	0	0	./SHORT_MOBILE-51.bt9.trace	SHORT_MOBILE-51	SHORT_MOBILE	SHORT	MOBILE	51
0	1	NA	NA	NA	110000000	22315179	10102648	0	110000000	0	0	./SHORT_MOBILE-52.bt9.trace	SHORT_MOBILE-52	SHORT_MOBILE	SHORT	MOBILE	52
0	1	NA	NA	NA	110000000	21707928	8072145	0	110000000	0	0	./SHORT_MOBILE-53.bt9.trace	SHORT_MOBILE-53	SHORT_MOBILE	SHORT	MOBILE	53
0	1	NA	NA	NA	110000000	8917461	4668257	0	110000000	0	0	./SHORT_MOBILE-54.bt9.trace	SHORT_MOBILE-54	SHORT_MOBILE	SHORT	MOBILE	54
0	1	NA	NA	NA	110000000	14398971	7716951	0	110000000	0	0	./SHORT_MOBILE-55.bt9.trace	SHORT_MOBILE-55	SHORT_MOBILE	SHORT	MOBILE	55
0	1	NA	NA	NA	110000000	1388083	222363	0	110000000	0	0	./SHORT_MOBILE-56.bt9.trace	SHORT_MOBILE-56	SHORT_MOBILE	SHORT	MOBILE	56
0	1	NA	NA	NA	110000000	2750340	394171	0	110000000	0	0	./SHORT_MOBILE-57.bt9.trace	SHORT_MOBILE-57	SHORT_MOBILE	SHORT	MOBILE	57
0	1	NA	NA	NA	110000000	3499453	157100	0	110000000	0	0	./SHORT_MOBILE-58.bt9.trace	SHORT_MOBILE-58	SHORT_MOBILE	SHORT	MOBILE	58
0	1	NA	NA	NA	110000000	4782678	3339	0	110000000	0	0	./SHORT_MOBILE-59.bt9.trace	SHORT_MOBILE-59	SHORT_MOBILE	SHORT	MOBILE	59
0	1	NA	NA	NA	225731243	22109627	8316411	0	225731243	0	0	./SHORT_MOBILE-6.bt9.trace	SHORT_MOBILE-6	SHORT_MOBILE	SHORT	MOBILE	6
0	1	NA	NA	NA	110000000	18496114	9115922	0	110000000	0	0	./SHORT_MOBILE-60.bt9.trace	SHORT_MOBILE-60	SHORT_MOBILE	SHORT	MOBILE	60
0	1	NA	NA	NA	172842062	32830845	11375009	81200105	0	91641957	0	./SHORT_MOBILE-61.bt9.trace	SHORT_MOBILE-61	SHORT_MOBILE	SHORT	MOBILE	61
0	1	NA	NA	NA	140479767	26276671	16027936	0	140479767	0	0	./SHORT_MOBILE-7.bt9.trace	SHORT_MOBILE-7	SHORT_MOBILE	SHORT	MOBILE	7
0	1	NA	NA	NA	154558316	17182906	4984241	0	154558316	0	0	./SHORT_MOBILE-8.bt9.trace	SHORT_MOBILE-8	SHORT_MOBILE	SHORT	MOBILE	8
0	1	NA	NA	NA	642168792	29269648	14200055	642147548	0	21244	0	./SHORT_MOBILE-9.bt9.trace	SHORT_MOBILE-9	SHORT_MOBILE	SHORT	MOBILE	9
0	1	NA	NA	NA	1283891318	230692528	89617711	724544227	0	559347091	0	./SHORT_SERVER-1.bt9.trace	SHORT_SERVER-1	SHORT_SERVER	SHORT	SERVER	1
0	1	NA	NA	NA	209999900	9719859	4655934	0	209999900	0	0	./SHORT_SERVER-10.bt9.trace	SHORT_SERVER-10	SHORT_SERVER	SHORT	SERVER	10
0	1	NA	NA	NA	209999900	44409085	27015286	0	209999900	0	0	./SHORT_SERVER-100.bt9.trace	SHORT_SERVER-100	SHORT_SERVER	SHORT	SERVER	100
0	1	NA	NA	NA	209999900	44679101	19908987	0	209999900	0	0	./SHORT_SERVER-101.bt9.trace	SHORT_SERVER-101	SHORT_SERVER	SHORT	SERVER	101
0	1	NA	NA	NA	209999900	47481918	28437905	0	209999900	0	0	./SHORT_SERVER-102.bt9.trace	SHORT_SERVER-102	SHORT_SERVER	SHORT	SERVER	102
0	1	NA	NA	NA	209999900	19785205	7139258	0	209999900	0	0	./SHORT_SERVER-103.bt9.trace	SHORT_SERVER-103	SHORT_SERVER	SHORT	SERVER	103
0	1	NA	NA	NA	209999900	57527746	27010519	0	209999900	0	0	./SHORT_SERVER-104.bt9.trace	SHORT_SERVER-104	SHORT_SERVER	SHORT	SERVER	104
0	1	NA	NA	NA	209999900	47387680	31893411	0	209999900	0	0	./SHORT_SERVER-105.bt9.trace	SHORT_SERVER-105	SHORT_SERVER	SHORT	SERVER	105
0	1	NA	NA	NA	209999900	45061287	23855075	0	209999900	0	0	./SHORT_SERVER-106.bt9.trace	SHORT_SERVER-106	SHORT_SERVER	SHORT	SERVER	106
0	1	NA	NA	NA	209999900	35315001	24031642	0	209999900	0	0	./SHORT_SERVER-107.bt9.trace	SHORT_SERVER-107	SHORT_SERVER	SHORT	SERVER	107
0	1	NA	NA	NA	209999900	46358812	31202116	0	209999900	0	0	./SHORT_SERVER-108.bt9.trace	SHORT_SERVER-108	SHORT_SERVER	SHORT	SERVER	108
0	1	NA	NA	NA	209999900	43022244	25686290	0	209999900	0	0	./SHORT_SERVER-109.bt9.trace	SHORT_SERVER-109	SHORT_SERVER	SHORT	SERVER	109
0	1	NA	NA	NA	69999900	2084056	799534	0	69999900	0	0	./SHORT_SERVER-11.bt9.trace	SHORT_SERVER-11	SHORT_SERVER	SHORT	SERVER	11
0	1	NA	NA	NA	209999900	42235698	22479180	0	209999900	0	0	./SHORT_SERVER-110.bt9.trace	SHORT_SERVER-110	SHORT_SERVER	SHORT	SERVER	110
0	1	NA	NA	NA	209999900	46158956	25909596	0	209999900	0	0	./SHORT_SERVER-111.bt9.trace	SHORT_SERVER-111	SHORT_SERVER	SHORT	SERVER	111
0	1	NA	NA	NA	209999900	48482925	26755782	0	209999900	0	0	./SHORT_SERVER-112.bt9.trace	SHORT_SERVER-112	SHORT_SERVER	SHORT	SERVER	112
0	1	NA	NA	NA	209999900	45102180	26545372	0	209999900	0	0	./SHORT_SERVER-113.bt9.trace	SHORT_SERVER-113	SHORT_SERVER	SHORT	SERVER	113
0	1	NA	NA	NA	209999900	42997481	25896714	0	209999900	0	0	./SHORT_SERVER-114.bt9.trace	SHORT_SERVER-114	SHORT_SERVER	SHORT	SERVER	114
0	1	NA	NA	NA	209999900	38607471	26970878	0	209999900	0	0	./SHORT_SERVER-115.bt9.trace	SHORT_SERVER-115	SHORT_SERVER	SHORT	SERVER	115
0	1	NA	NA	NA	209999900	35845208	23360840	0	209999900	0	0	./SHORT_SERVER-116.bt9.trace	SHORT_SERVER-116	SHORT_SERVER	SHORT	SERVER	116
0	1	NA	NA	NA	209999900	36543159	24949766	0	209999900	0	0	./SHORT_SERVER-117.bt9.trace	SHORT_SERVER-117	SHORT_SERVER	SHORT	SERVER	117
0	1	NA	NA	NA	209999900	30518538	18048910	0	209999900	0	0	./SHORT_SERVER-118.bt9.trace	SHORT_SERVER-118	SHORT_SERVER	SHORT	SERVER	118
0	1	NA	NA	NA	209999900	39612482	26135073	0	209999900	0	0	./SHORT_SERVER-119.bt9.trace	SHORT_SERVER-119	SHORT_SERVER	SHORT	SERVER	119
0	1	NA	NA	NA	209999900	1932688	325902	0	209999900	0	0	./SHORT_SERVER-12.bt9.trace	SHORT_SERVER-12	SHORT_SERVER	SHORT	SERVER	12
0	1	NA	NA	NA	209999900	36340528	23135309	0	209999900	0	0	./SHORT_SERVER-120.bt9.trace	SHORT_SERVER-120	SHORT_SERVER	SHORT	SERVER	120
0	1	NA	NA	NA	209999900	18382128	4846512	0	209999900	0	0	./SHORT_SERVER-121.bt9.trace	SHORT_SERVER-121	SHORT_SERVER	SHORT	SERVER	121
0	1	NA	NA	NA	209999900	20012812	5616669	0	209999900	0	0	./SHORT_SERVER-122.bt9.trace	SHORT_SERVER-122	SHORT_SERVER	SHORT	SERVER	122
0	1	NA	NA	NA	209999900	16717998	3464009	0	209999900	0	0	./SHORT_SERVER-123.bt9.trace	SHORT_SERVER-123	SHORT_SERVER	SHORT	SERVER	123
0	1	NA	NA	NA	209999900	8722587	5534616	0	209999900	0	0	./SHORT_SERVER-124.bt9.trace	SHORT_SERVER-124	SHORT_SERVER	SHORT	SERVER	124
0	1	NA	NA	NA	209999900	9616505	6169145	0	209999900	0	0	./SHORT_SERVER-125.bt9.trace	SHORT_SERVER-125	SHORT_SERVER	SHORT	SERVER	125
0	1	NA	NA	NA	209999900	48373415	36111772	0	209999900	0	0	./SHORT_SERVER-126.bt9.trace	SHORT_SERVER-126	SHORT_SERVER	SHORT	SERVER	126
0	1	NA	NA	NA	209999900	47621307	34529985	0	209999900	0	0	./SHORT_SERVER-127.bt9.trace	SHORT_SERVER-127	SHORT_SERVER	SHORT	SERVER	127
0	1	NA	NA	NA	209999900	52002909	32433992	0	209999900	0	0	./SHORT_SERVER-128.bt9.trace	SHORT_SERVER-128	SHORT_SERVER	SHORT	SERVER	128
0	1	NA	NA	NA	209999900	50749908	30480692	0	209999900	0	0	./SHORT_SERVER-129.bt9.trace	SHORT_SERVER-129	SHORT_SERVER	SHORT	SERVER	129
0	1	NA	NA	NA	209999900	3877076	321992	0	209999900	0	0	./SHORT_SERVER-13.bt9.trace	SHORT_SERVER-13	SHORT_SERVER	SHORT	SERVER	13
0	1	NA	NA	NA	209999900	25154937	17836438	0	209999900	0	0	./SHORT_SERVER-130.bt9.trace	SHORT_SERVER-130	SHORT_SERVER	SHORT	SERVER	130
0	1	NA	NA	NA	209999900	55489276	37968641	0	209999900	0	0	./SHORT_SERVER-131.bt9.trace	SHORT_SERVER-131	SHORT_SERVER	SHORT	SERVER	131
0	1	NA	NA	NA	209999900	48604003	30521455	0	209999900	0	0	./SHORT_SERVER-132.bt9.trace	SHORT_SERVER-132	SHORT_SERVER	SHORT	SERVER	132
0	1	NA	NA	NA	209999900	44724073	27442962	0	209999900	0	0	./SHORT_SERVER-133.bt9.trace	SHORT_SERVER-133	SHORT_SERVER	SHORT	SERVER	133
0	1	NA	NA	NA	209999900	50313373	39083156	0	209999900	0	0	./SHORT_SERVER-134.bt9.trace	SHORT_SERVER-134	SHORT_SERVER	SHORT	SERVER	134
0	1	NA	NA	NA	209999900	44375702	27479251	0	209999900	0	0	./SHORT_SERVER-135.bt9.trace	SHORT_SERVER-135	SHORT_SERVER	SHORT	SERVER	135
0	1	NA	NA	NA	209999900	49648512	36947560	0	209999900	0	0	./SHORT_SERVER-136.bt9.trace	SHORT_SERVER-136	SHORT_SERVER	SHORT	SERVER	136
0	1	NA	NA	NA	209999900	37295953	22650126	0	209999900	0	0	./SHORT_SERVER-137.bt9.trace	SHORT_SERVER-137	SHORT_SERVER	SHORT	SERVER	137
0	1	NA	NA	NA	209999900	54704377	41676528	0	209999900	0	0	./SHORT_SERVER-138.bt9.trace	SHORT_SERVER-138	SHORT_SERVER	SHORT	SERVER	138
0	1	NA	NA	NA	455262770	111389878	35309952	324842942	0	130419828	0	./SHORT_SERVER-139.bt9.trace	SHORT_SERVER-139	SHORT_SERVER	SHORT	SERVER	139
0	1	NA	NA	NA	209999900	3793271	326943	0	209999900	0	0	./SHORT_SERVER-14.bt9.trace	SHORT_SERVER-14	SHORT_SERVER	SHORT	SERVER	14
0	1	NA	NA	NA	209999900	4172657	413646	0	209999900	0	0	./SHORT_SERVER-15.bt9.trace	SHORT_SERVER-15	SHORT_SERVER	SHORT	SERVER	15
0	1	NA	NA	NA	69999900	9188781	1067281	0	69999900	0	0	./SHORT_SERVER-16.bt9.trace	SHORT_SERVER-16	SHORT_SERVER	SHORT	SERVER	16
0	1	NA	NA	NA	69999900	10162616	557964	0	69999900	0	0	./SHORT_SERVER-17.bt9.trace	SHORT_SERVER-17	SHORT_SERVER	SHORT	SERVER	17
0	1	NA	NA	NA	69999900	11223878	3375162	0	69999900	0	0	./SHORT_SERVER-18.bt9.trace	SHORT_SERVER-18	SHORT_SERVER	SHORT	SERVER	18
0	1	NA	NA	NA	69999900	10142201	477790	0	69999900	0	0	./SHORT_SERVER-19.bt9.trace	SHORT_SERVER-19	SHORT_SERVER	SHORT	SERVER	19
0	1	NA	NA	NA	449412053	78092055	29896892	303194966	0	146217087	0	./SHORT_SERVER-2.bt9.trace	SHORT_SERVER-2	SHORT_SERVER	SHORT	SERVER	2
0	1	NA	NA	NA	69999900	6871836	1019075	0	69999900	0	0	./SHORT_SERVER-20.bt9.trace	SHORT_SERVER-20	SHORT_SERVER	SHORT	SERVER	20
0	1	NA	NA	NA	69999900	6794382	3966940	0	69999900	0	0	./SHORT_SERVER-21.bt9.trace	SHORT_SERVER-21	SHORT_SERVER	SHORT	SERVER	21
0	1	NA	NA	NA	69999900	4517066	1134263	0	69999900	0	0	./SHORT_SERVER-22.bt9.trace	SHORT_SERVER-22	SHORT_SERVER	SHORT	SERVER	22
0	1	NA	NA	NA	69999900	9592370	4557851	0	69999900	0	0	./SHORT_SERVER-23.bt9.trace	SHORT_SERVER-23	SHORT_SERVER	SHORT	SERVER	23
0	1	NA	NA	NA	69999900	8069560	889432	0	69999900	0	0	./SHORT_SERVER-24.bt9.trace	SHORT_SERVER-24	SHORT_SERVER	SHORT	SERVER	24
0	1	NA	NA	NA	69999900	12581330	6427490	0	69999900	0	0	./SHORT_SERVER-25.bt9.trace	SHORT_SERVER-25	SHORT_SERVER	SHORT	SERVER	25
0	1	NA	NA	NA	69999900	10203020	789058	0	69999900	0	0	./SHORT_SERVER-26.bt9.trace	SHORT_SERVER-26	SHORT_SERVER	SHORT	SERVER	26
0	1	NA	NA	NA	69999900	9287088	4520063	0	69999900	0	0	./SHORT_SERVER-27.bt9.trace	SHORT_SERVER-27	SHORT_SERVER	SHORT	SERVER	27
0	1	NA	NA	NA	69999900	8747087	4486919	0	69999900	0	0	./SHORT_SERVER-28.bt9.trace	SHORT_SERVER-28	SHORT_SERVER	SHORT	SERVER	28
0	1	NA	NA	NA	210000000	46474350	20643994	0	210000000	0	0	./SHORT_SERVER-29.bt9.trace	SHORT_SERVER-29	SHORT_SERVER	SHORT	SERVER	29
0	1	NA	NA	NA	1578129863	419762286	206758644	0	1578129863	0	0	./SHORT_SERVER-3.bt9.trace	SHORT_SERVER-3	SHORT_SERVER	SHORT	SERVER	3
0	1	NA	NA	NA	210000000	46004949	27329884	0	210000000	0	0	./SHORT_SERVER-30.bt9.trace	SHORT_SERVER-30	SHORT_SERVER	SHORT	SERVER	30
0	1	NA	NA	NA	210000000	19863257	10551691	0	210000000	0	0	./SHORT_SERVER-31.bt9.trace	SHORT_SERVER-31	SHORT_SERVER	SHORT	SERVER	31
0	1	NA	NA	NA	69999900	14306157	8963809	0	69999900	0	0	./SHORT_SERVER-32.bt9.trace	SHORT_SERVER-32	SHORT_SERVER	SHORT	SERVER	32
0	1	NA	NA	NA	209999900	43955354	25896749	0	209999900	0	0	./SHORT_SERVER-33.bt9.trace	SHORT_SERVER-33	SHORT_SERVER	SHORT	SERVER	33
0	1	NA	NA	NA	209999900	39298770	20457809	0	209999900	0	0	./SHORT_SERVER-34.bt9.trace	SHORT_SERVER-34	SHORT_SERVER	SHORT	SERVER	34
0	1	NA	NA	NA	209999900	35774666	21525091	0	209999900	0	0	./SHORT_SERVER-35.bt9.trace	SHORT_SERVER-35	SHORT_SERVER	SHORT	SERVER	35
0	1	NA	NA	NA	69999900	16484088	8499680	0	69999900	0	0	./SHORT_SERVER-36.bt9.trace	SHORT_SERVER-36	SHORT_SERVER	SHORT	SERVER	36
0	1	NA	NA	NA	69999900	18387559	12233458	0	69999900	0	0	./SHORT_SERVER-37.bt9.trace	SHORT_SERVER-37	SHORT_SERVER	SHORT	SERVER	37
0	1	NA	NA	NA	69999900	17270015	9965635	0	69999900	0	0	./SHORT_SERVER-38.bt9.trace	SHORT_SERVER-38	SHORT_SERVER	SHORT	SERVER	38
0	1	NA	NA	NA	69999900	16651736	11038312	0	69999900	0	0	./SHORT_SERVER-39.bt9.trace	SHORT_SERVER-39	SHORT_SERVER	SHORT	SERVER	39
0	1	NA	NA	NA	1978831966	378517088	92836345	0	1978831966	0	0	./SHORT_SERVER-4.bt9.trace	SHORT_SERVER-4	SHORT_SERVER	SHORT	SERVER	4
0	1	NA	NA	NA	69999900	17775283	9263163	0	69999900	0	0	./SHORT_SERVER-40.bt9.trace	SHORT_SERVER-40	SHORT_SERVER	SHORT	SERVER	40
0	1	NA	NA	NA	69999900	16839523	8250598	0	69999900	0	0	./SHORT_SERVER-41.bt9.trace	SHORT_SERVER-41	SHORT_SERVER	SHORT	SERVER	41
0	1	NA	NA	NA	209999900	43507508	23278080	0	209999900	0	0	./SHORT_SERVER-42.bt9.trace	SHORT_SERVER-42	SHORT_SERVER	SHORT	SERVER	42
0	1	NA	NA	NA	209999900	41996837	23409531	0	209999900	0	0	./SHORT_SERVER-43.bt9.trace	SHORT_SERVER-43	SHORT_SERVER	SHORT	SERVER	43
0	1	NA	NA	NA	209999900	44828531	24914381	0	209999900	0	0	./SHORT_SERVER-44.bt9.trace	SHORT_SERVER-44	SHORT_SERVER	SHORT	SERVER	44
0	1	NA	NA	NA	209999900	41497913	23191031	0	209999900	0	0	./SHORT_SERVER-45.bt9.trace	SHORT_SERVER-45	SHORT_SERVER	SHORT	SERVER	45
0	1	NA	NA	NA	209999900	45659584	25453603	0	209999900	0	0	./SHORT_SERVER-46.bt9.trace	SHORT_SERVER-46	SHORT_SERVER	SHORT	SERVER	46
0	1	NA	NA	NA	209999900	28702712	19385761	0	209999900	0	0	./SHORT_SERVER-47.bt9.trace	SHORT_SERVER-47	SHORT_SERVER	SHORT	SERVER	47
0	1	NA	NA	NA	69999900	10565345	7331019	0	69999900	0	0	./SHORT_SERVER-48.bt9.trace	SHORT_SERVER-48	SHORT_SERVER	SHORT	SERVER	48
0	1	NA	NA	NA	209999900	49965311	31317710	0	209999900	0	0	./SHORT_SERVER-49.bt9.trace	SHORT_SERVER-49	SHORT_SERVER	SHORT	SERVER	49
0	1	NA	NA	NA	1170531026	196655625	82061309	0	1170531026	0	0	./SHORT_SERVER-5.bt9.trace	SHORT_SERVER-5	SHORT_SERVER	SHORT	SERVER	5
0	1	NA	NA	NA	209999900	30118456	19241909	0	209999900	0	0	./SHORT_SERVER-50.bt9.trace	SHORT_SERVER-50	SHORT_SERVER	SHORT	SERVER	50
0	1	NA	NA	NA	209999900	39593514	23961403	0	209999900	0	0	./SHORT_SERVER-51.bt9.trace	SHORT_SERVER-51	SHORT_SERVER	SHORT	SERVER	51
0	1	NA	NA	NA	209999900	40849829	25073181	0	209999900	0	0	./SHORT_SERVER-52.bt9.trace	SHORT_SERVER-52	SHORT_SERVER	SHORT	SERVER	52
0	1	NA	NA	NA	209999900	40411183	21406868	0	209999900	0	0	./SHORT_SERVER-53.bt9.trace	SHORT_SERVER-53	SHORT_SERVER	SHORT	SERVER	53
0	1	NA	NA	NA	209999900	41806417	23313227	0	209999900	0	0	./SHORT_SERVER-54.bt9.trace	SHORT_SERVER-54	SHORT_SERVER	SHORT	SERVER	54
0	1	NA	NA	NA	209999900	30020495	19245784	0	209999900	0	0	./SHORT_SERVER-55.bt9.trace	SHORT_SERVER-55	SHORT_SERVER	SHORT	SERVER	55
0	1	NA	NA	NA	209999900	42376584	21734875	0	209999900	0	0	./SHORT_SERVER-56.bt9.trace	SHORT_SERVER-56	SHORT_SERVER	SHORT	SERVER	56
0	1	NA	NA	NA	209999900	40361499	21416233	0	209999900	0	0	./SHORT_SERVER-57.bt9.trace	SHORT_SERVER-57	SHORT_SERVER	SHORT	SERVER	57
0	1	NA	NA	NA	209999900	39913866	24406849	0	209999900	0	0	./SHORT_SERVER-58.bt9.trace	SHORT_SERVER-58	SHORT_SERVER	SHORT	SERVER	58
0	1	NA	NA	NA	209999900	31916437	17271225	0	209999900	0	0	./SHORT_SERVER-59.bt9.trace	SHORT_SERVER-59	SHORT_SERVER	SHORT	SERVER	59
0	1	NA	NA	NA	651399373	121434383	95023483	620905023	0	30494350	0	./SHORT_SERVER-6.bt9.trace	SHORT_SERVER-6	SHORT_SERVER	SHORT	SERVER	6
0	1	NA	NA	NA	209999900	30265577	19323800	0	209999900	0	0	./SHORT_SERVER-60.bt9.trace	SHORT_SERVER-60	SHORT_SERVER	SHORT	SERVER	60
0	1	NA	NA	NA	209999900	40072821	23559338	0	209999900	0	0	./SHORT_SERVER-61.bt9.trace	SHORT_SERVER-61	SHORT_SERVER	SHORT	SERVER	61
0	1	NA	NA	NA	209999900	39620880	23952737	0	209999900	0	0	./SHORT_SERVER-62.bt9.trace	SHORT_SERVER-62	SHORT_SERVER	SHORT	SERVER	62
0	1	NA	NA	NA	209999900	27637801	11939069	0	209999900	0	0	./SHORT_SERVER-64.bt9.trace	SHORT_SERVER-64	SHORT_SERVER	SHORT	SERVER	64
0	1	NA	NA	NA	209999900	30074021	18419859	0	209999900	0	0	./SHORT_SERVER-65.bt9.trace	SHORT_SERVER-65	SHORT_SERVER	SHORT	SERVER	65
0	1	NA	NA	NA	209999900	44479918	24896084	0	209999900	0	0	./SHORT_SERVER-63.bt9.trace	SHORT_SERVER-63	SHORT_SERVER	SHORT	SERVER	63
0	1	NA	NA	NA	209999900	30580186	18922872	0	209999900	0	0	./SHORT_SERVER-66.bt9.trace	SHORT_SERVER-66	SHORT_SERVER	SHORT	SERVER	66
0	1	NA	NA	NA	209999900	29821957	20602456	0	209999900	0	0	./SHORT_SERVER-67.bt9.trace	SHORT_SERVER-67	SHORT_SERVER	SHORT	SERVER	67
0	1	NA	NA	NA	209999900	43735631	41118089	0	209999900	0	0	./SHORT_SERVER-68.bt9.trace	SHORT_SERVER-68	SHORT_SERVER	SHORT	SERVER	68
0	1	NA	NA	NA	209999900	40452310	23977742	0	209999900	0	0	./SHORT_SERVER-69.bt9.trace	SHORT_SERVER-69	SHORT_SERVER	SHORT	SERVER	69
0	1	NA	NA	NA	1235738921	310005171	164361909	950996918	0	284742003	0	./SHORT_SERVER-7.bt9.trace	SHORT_SERVER-7	SHORT_SERVER	SHORT	SERVER	7
0	1	NA	NA	NA	209999900	32742868	20704743	0	209999900	0	0	./SHORT_SERVER-70.bt9.trace	SHORT_SERVER-70	SHORT_SERVER	SHORT	SERVER	70
0	1	NA	NA	NA	209999900	35231197	14850973	0	209999900	0	0	./SHORT_SERVER-71.bt9.trace	SHORT_SERVER-71	SHORT_SERVER	SHORT	SERVER	71
0	1	NA	NA	NA	209999900	33321441	22177266	0	209999900	0	0	./SHORT_SERVER-72.bt9.trace	SHORT_SERVER-72	SHORT_SERVER	SHORT	SERVER	72
0	1	NA	NA	NA	209999900	32480379	21291982	0	209999900	0	0	./SHORT_SERVER-73.bt9.trace	SHORT_SERVER-73	SHORT_SERVER	SHORT	SERVER	73
0	1	NA	NA	NA	209999900	31881202	11488400	0	209999900	0	0	./SHORT_SERVER-74.bt9.trace	SHORT_SERVER-74	SHORT_SERVER	SHORT	SERVER	74
0	1	NA	NA	NA	209999900	30810743	14296742	0	209999900	0	0	./SHORT_SERVER-75.bt9.trace	SHORT_SERVER-75	SHORT_SERVER	SHORT	SERVER	75
0	1	NA	NA	NA	209999900	24963575	13326419	0	209999900	0	0	./SHORT_SERVER-76.bt9.trace	SHORT_SERVER-76	SHORT_SERVER	SHORT	SERVER	76
0	1	NA	NA	NA	209999900	30459219	14811500	0	209999900	0	0	./SHORT_SERVER-77.bt9.trace	SHORT_SERVER-77	SHORT_SERVER	SHORT	SERVER	77
0	1	NA	NA	NA	209999900	31995951	16941555	0	209999900	0	0	./SHORT_SERVER-78.bt9.trace	SHORT_SERVER-78	SHORT_SERVER	SHORT	SERVER	78
0	1	NA	NA	NA	209999900	26835522	9427442	0	209999900	0	0	./SHORT_SERVER-79.bt9.trace	SHORT_SERVER-79	SHORT_SERVER	SHORT	SERVER	79
0	1	NA	NA	NA	611745116	141014494	97052339	590719434	0	21025682	0	./SHORT_SERVER-8.bt9.trace	SHORT_SERVER-8	SHORT_SERVER	SHORT	SERVER	8
0	1	NA	NA	NA	209999900	41791202	11981395	0	209999900	0	0	./SHORT_SERVER-80.bt9.trace	SHORT_SERVER-80	SHORT_SERVER	SHORT	SERVER	80
0	1	NA	NA	NA	209999900	40933779	37004129	0	209999900	0	0	./SHORT_SERVER-81.bt9.trace	SHORT_SERVER-81	SHORT_SERVER	SHORT	SERVER	81
0	1	NA	NA	NA	209999900	33493597	22987345	0	209999900	0	0	./SHORT_SERVER-82.bt9.trace	SHORT_SERVER-82	SHORT_SERVER	SHORT	SERVER	82
0	1	NA	NA	NA	209999900	31401501	26959802	0	209999900	0	0	./SHORT_SERVER-83.bt9.trace	SHORT_SERVER-83	SHORT_SERVER	SHORT	SERVER	83
0	1	NA	NA	NA	209999900	27290961	16293122	0	209999900	0	0	./SHORT_SERVER-84.bt9.trace	SHORT_SERVER-84	SHORT_SERVER	SHORT	SERVER	84
0	1	NA	NA	NA	209999900	27201596	14721387	0	209999900	0	0	./SHORT_SERVER-85.bt9.trace	SHORT_SERVER-85	SHORT_SERVER	SHORT	SERVER	85
0	1	NA	NA	NA	209999900	33018512	17773175	0	209999900	0	0	./SHORT_SERVER-86.bt9.trace	SHORT_SERVER-86	SHORT_SERVER	SHORT	SERVER	86
0	1	NA	NA	NA	209999900	42708722	23707739	0	209999900	0	0	./SHORT_SERVER-87.bt9.trace	SHORT_SERVER-87	SHORT_SERVER	SHORT	SERVER	87
0	1	NA	NA	NA	209999900	47523777	29660101	0	209999900	0	0	./SHORT_SERVER-88.bt9.trace	SHORT_SERVER-88	SHORT_SERVER	SHORT	SERVER	88
0	1	NA	NA	NA	209999900	42783732	26712833	0	209999900	0	0	./SHORT_SERVER-89.bt9.trace	SHORT_SERVER-89	SHORT_SERVER	SHORT	SERVER	89
0	1	NA	NA	NA	209999900	13421375	8011519	0	209999900	0	0	./SHORT_SERVER-9.bt9.trace	SHORT_SERVER-9	SHORT_SERVER	SHORT	SERVER	9
0	1	NA	NA	NA	209999900	45054862	27091561	0	209999900	0	0	./SHORT_SERVER-90.bt9.trace	SHORT_SERVER-90	SHORT_SERVER	SHORT	SERVER	90
0	1	NA	NA	NA	209999900	46677930	26822228	0	209999900	0	0	./SHORT_SERVER-91.bt9.trace	SHORT_SERVER-91	SHORT_SERVER	SHORT	SERVER	91
0	1	NA	NA	NA	209999900	42130130	25918319	0	209999900	0	0	./SHORT_SERVER-92.bt9.trace	SHORT_SERVER-92	SHORT_SERVER	SHORT	SERVER	92
0	1	NA	NA	NA	209999900	45119642	26974687	0	209999900	0	0	./SHORT_SERVER-93.bt9.trace	SHORT_SERVER-93	SHORT_SERVER	SHORT	SERVER	93
0	1	NA	NA	NA	209999900	51586313	38297614	0	209999900	0	0	./SHORT_SERVER-94.bt9.trace	SHORT_SERVER-94	SHORT_SERVER	SHORT	SERVER	94
0	1	NA	NA	NA	209999900	52840098	42213825	0	209999900	0	0	./SHORT_SERVER-95.bt9.trace	SHORT_SERVER-95	SHORT_SERVER	SHORT	SERVER	95
0	1	NA	NA	NA	209999900	44869414	26749464	0	209999900	0	0	./SHORT_SERVER-96.bt9.trace	SHORT_SERVER-96	SHORT_SERVER	SHORT	SERVER	96
0	1	NA	NA	NA	209999900	44246103	28328648	0	209999900	0	0	./SHORT_SERVER-97.bt9.trace	SHORT_SERVER-97	SHORT_SERVER	SHORT	SERVER	97
0	1	NA	NA	NA	209999900	47457356	28685639	0	209999900	0	0	./SHORT_SERVER-98.bt9.trace	SHORT_SERVER-98	SHORT_SERVER	SHORT	SERVER	98
0	1	NA	NA	NA	209999900	45337121	27597737	0	209999900	0	0	./SHORT_SERVER-99.bt9.trace	SHORT_SERVER-99	SHORT_SERVER	SHORT	SERVER	99
0	1	NA	NA	NA	871444047	149246446	52344565	488176288	0	383267759	0	./LONG_SERVER-1.bt9.trace	LONG_SERVER-1	LONG_SERVER	LONG	SERVER	1
